"Refs","Value","Footprint","Qty","DNP"
"BUS1","BUSPCI_5V","footprints:BUSPCI","1",""
"C1-C36,C70-C73","100nF","Resistor_SMD:R_1206_3216Metric_Pad1.30x1.75mm_HandSolder","40",""
"C37","100pF","Resistor_SMD:R_1206_3216Metric_Pad1.30x1.75mm_HandSolder","1",""
"C38,C67-C69","4,7uF","Resistor_SMD:R_1206_3216Metric_Pad1.30x1.75mm_HandSolder","4",""
"C39-C41","1uF","Resistor_SMD:R_1210_3225Metric_Pad1.30x2.65mm_HandSolder","3",""
"C42","2.2uF","Resistor_SMD:R_1210_3225Metric_Pad1.30x2.65mm_HandSolder","1",""
"C43-C45","220nF","Resistor_SMD:R_1206_3216Metric_Pad1.30x1.75mm_HandSolder","3",""
"C46,C47","220pF","Resistor_SMD:R_1206_3216Metric_Pad1.30x1.75mm_HandSolder","2",""
"C48","22nF","Resistor_SMD:R_1206_3216Metric_Pad1.30x1.75mm_HandSolder","1",""
"C49,C50,C65,C66","22pF","Capacitor_THT:C_Disc_D3.0mm_W2.0mm_P2.50mm,Resistor_SMD:R_1206_3216Metric_Pad1.30x1.75mm_HandSolder","4",""
"C51,C52,L4","22uF","Resistor_SMD:R_1206_3216Metric_Pad1.30x1.75mm_HandSolder,Resistor_SMD:R_1210_3225Metric_Pad1.30x2.65mm_HandSolder,Resistor_SMD:R_1812_4532Metric_Pad1.30x3.40mm_HandSolder","3",""
"C53","330pF","Resistor_SMD:R_1206_3216Metric_Pad1.30x1.75mm_HandSolder","1",""
"C54-C57","4.7uF","Capacitor_Tantalum_SMD:CP_EIA-3528-21_Kemet-B_Pad1.50x2.35mm_HandSolder,Resistor_SMD:R_1206_3216Metric_Pad1.30x1.75mm_HandSolder,Resistor_SMD:R_1210_3225Metric_Pad1.30x2.65mm_HandSolder","4",""
"C58-C61","47nF","Resistor_SMD:R_1206_3216Metric_Pad1.30x1.75mm_HandSolder","4",""
"C62,C63","47uF","Resistor_SMD:R_1210_3225Metric_Pad1.30x2.65mm_HandSolder","2",""
"C64","6,8uF","Resistor_SMD:R_1210_3225Metric_Pad1.30x2.65mm_HandSolder","1",""
"CV1","5/30pF","footprints:CV3-30PF","1",""
"D1-D4","BAT46","footprints:D_DO-34_SOD68_P7.62mm_Horizontal","4",""
"D6","LED","footprints:LED_D3.0mm","1",""
"J4","DB9FEM","Connector_Dsub:DSUB-9_Female_Horizontal_P2.77x2.84mm_EdgePinOffset14.56mm_Housed_MountingHolesOffset15.98mm","1",""
"L1","2,2uH","Resistor_SMD:R_1812_4532Metric_Pad1.30x3.40mm_HandSolder","1",""
"L2,L3,L5","22uH","Resistor_SMD:R_1812_4532Metric_Pad1.30x3.40mm_HandSolder","3",""
"L6","470ns","footprints:LRTDK","1",""
"P1-P3,P8","BNC","footprints:subclick","4",""
"P4","CONN_2","Connector_PinHeader_2.54mm:PinHeader_1x02_P2.54mm_Vertical","1",""
"P5","CONN_5","Connector_PinHeader_2.54mm:PinHeader_1x05_P2.54mm_Vertical","1",""
"P9-P12","CONN_1","Connector_PinHeader_2.54mm:PinHeader_1x01_P2.54mm_Vertical","4",""
"POT1","100K","Potentiometer_SMD:Potentiometer_Bourns_3314G_Vertical","1",""
"Q1-Q3","BC848","footprints:SOT23EBC","3",""
"R1","10","Resistor_SMD:R_1206_3216Metric_Pad1.30x1.75mm_HandSolder","1",""
"R2,R3","100","Resistor_SMD:R_1206_3216Metric_Pad1.30x1.75mm_HandSolder","2",""
"R4-R7,R48","10K","Resistor_SMD:R_1206_3216Metric_Pad1.30x1.75mm_HandSolder","5",""
"R8","150","Resistor_SMD:R_1206_3216Metric_Pad1.30x1.75mm_HandSolder","1",""
"R9","150K","Resistor_SMD:R_1206_3216Metric_Pad1.30x1.75mm_HandSolder","1",""
"R10-R13","1K","Resistor_SMD:R_1206_3216Metric_Pad1.30x1.75mm_HandSolder","4",""
"R14,R15","1M","Resistor_SMD:R_1206_3216Metric_Pad1.30x1.75mm_HandSolder","2",""
"R16-R24","220","Resistor_SMD:R_1206_3216Metric_Pad1.30x1.75mm_HandSolder","9",""
"R25,R26","220K","Resistor_SMD:R_1206_3216Metric_Pad1.30x1.75mm_HandSolder","2",""
"R27","27K","Resistor_SMD:R_1206_3216Metric_Pad1.30x1.75mm_HandSolder","1",""
"R28,R29","2,2K","Resistor_SMD:R_1206_3216Metric_Pad1.30x1.75mm_HandSolder","2",""
"R30","3,3K","Resistor_SMD:R_1206_3216Metric_Pad1.30x1.75mm_HandSolder","1",""
"R31-R36","470","Resistor_SMD:R_1206_3216Metric_Pad1.30x1.75mm_HandSolder","6",""
"R37,R38","510","Resistor_SMD:R_1206_3216Metric_Pad1.30x1.75mm_HandSolder","2",""
"R39-R41","68","Resistor_SMD:R_1206_3216Metric_Pad1.30x1.75mm_HandSolder","3",""
"R42-R47","75","Resistor_SMD:R_1206_3216Metric_Pad1.30x1.75mm_HandSolder","6",""
"RR1-RR8","8x10K","Resistor_THT:R_Array_SIP9","8",""
"U1","24C16","Package_DIP:DIP-8_W7.62mm","1",""
"U2","4C4001","Package_SO:SOIC-28W_7.5x17.9mm_P1.27mm","1",""
"U3-U6","74LS245","Package_SO:SOIC-20W_7.5x12.8mm_P1.27mm","4",""
"U7","AV9173","Package_SO:SSOP-8_3.95x5.21x3.27mm_P1.27mm","1",""
"U8","BT253","footprints:PLCC84","1",""
"U9","BT473","footprints:PLCC68","1",""
"U10","BT812","Package_QFP:PQFP-160_28x28mm_P0.65mm","1",""
"U11","S5933_PQ160","Package_QFP:PQFP-160_28x28mm_P0.65mm","1",""
"U12-U19","SIM4X32","footprints:sim72","8",""
"U20","TDA8501","Package_SO:SOIC-24W_7.5x15.4mm_P1.27mm","1",""
"U21","XC1736APD8","Package_DIP:DIP-8_W7.62mm","1",""
"U22","XC4003-VQ100","Package_QFP:TQFP-100_14x14mm_P0.5mm","1",""
"U23","XC4003/PQ100","Package_QFP:PQFP-100_14x20mm_P0.65mm","1",""
"U24","XC4005-PQ160","Package_QFP:PQFP-160_28x28mm_P0.65mm","1",""
"W4,W5","TEST","Connector_PinHeader_2.54mm:PinHeader_1x02_P2.54mm_Vertical","2",""
"X1","10MHz","Crystal:Crystal_HC18-U_Vertical","1",""
"X2","30MHz","Crystal:Crystal_HC18-U_Vertical","1",""
"X3","4.433618MHz","Crystal:Crystal_HC18-U_Horizontal","1",""
