Ref,Val,Package,PosX,PosY,Rot,Side
"C2","100nF","R_1206_3216Metric_Pad1.30x1.75mm_HandSolder",345.567000,-67.437000,90.000000,bottom
"C4","100nF","R_1206_3216Metric_Pad1.30x1.75mm_HandSolder",355.981000,-78.105000,0.000000,bottom
"C5","100nF","R_1206_3216Metric_Pad1.30x1.75mm_HandSolder",346.202000,-97.282000,-90.000000,bottom
"C6","100nF","R_1206_3216Metric_Pad1.30x1.75mm_HandSolder",345.567000,-73.279000,90.000000,bottom
"C7","100nF","R_1206_3216Metric_Pad1.30x1.75mm_HandSolder",338.201000,-87.757000,180.000000,bottom
"C8","100nF","R_1206_3216Metric_Pad1.30x1.75mm_HandSolder",349.123000,-58.039000,180.000000,bottom
"C9","100nF","R_1206_3216Metric_Pad1.30x1.75mm_HandSolder",333.883000,-64.897000,0.000000,bottom
"C10","100nF","R_1206_3216Metric_Pad1.30x1.75mm_HandSolder",344.297000,-87.757000,0.000000,bottom
"C11","100nF","R_1206_3216Metric_Pad1.30x1.75mm_HandSolder",319.278000,-69.977000,90.000000,bottom
"C12","100nF","R_1206_3216Metric_Pad1.30x1.75mm_HandSolder",345.567000,-80.391000,90.000000,bottom
"C13","100nF","R_1206_3216Metric_Pad1.30x1.75mm_HandSolder",326.009000,-64.643000,0.000000,bottom
"C14","100nF","R_1206_3216Metric_Pad1.30x1.75mm_HandSolder",324.231000,-81.915000,90.000000,bottom
"C15","100nF","R_1206_3216Metric_Pad1.30x1.75mm_HandSolder",325.755000,-87.249000,0.000000,bottom
"C16","100nF","R_1206_3216Metric_Pad1.30x1.75mm_HandSolder",338.201000,-84.709000,180.000000,bottom
"C17","100nF","R_1206_3216Metric_Pad1.30x1.75mm_HandSolder",155.194000,-85.344000,90.000000,bottom
"C18","100nF","R_1206_3216Metric_Pad1.30x1.75mm_HandSolder",157.480000,-74.295000,-90.000000,bottom
"C19","100nF","R_1206_3216Metric_Pad1.30x1.75mm_HandSolder",140.970000,-73.660000,180.000000,bottom
"C20","100nF","R_1206_3216Metric_Pad1.30x1.75mm_HandSolder",130.810000,-73.025000,0.000000,bottom
"C21","100nF","R_1206_3216Metric_Pad1.30x1.75mm_HandSolder",124.714000,-90.805000,0.000000,bottom
"C22","100nF","R_1206_3216Metric_Pad1.30x1.75mm_HandSolder",127.000000,-104.140000,0.000000,bottom
"C23","100nF","R_1206_3216Metric_Pad1.30x1.75mm_HandSolder",130.175000,-61.595000,0.000000,bottom
"C24","100nF","R_1206_3216Metric_Pad1.30x1.75mm_HandSolder",138.049000,-116.840000,0.000000,bottom
"C25","100nF","R_1206_3216Metric_Pad1.30x1.75mm_HandSolder",146.431000,-114.935000,180.000000,bottom
"C26","100nF","R_1206_3216Metric_Pad1.30x1.75mm_HandSolder",150.622000,-122.936000,180.000000,bottom
"C27","100nF","R_1206_3216Metric_Pad1.30x1.75mm_HandSolder",132.334000,-123.190000,0.000000,bottom
"C28","100nF","R_1206_3216Metric_Pad1.30x1.75mm_HandSolder",150.241000,-135.890000,180.000000,bottom
"C29","100nF","R_1206_3216Metric_Pad1.30x1.75mm_HandSolder",147.066000,-139.700000,180.000000,bottom
"C30","100nF","R_1206_3216Metric_Pad1.30x1.75mm_HandSolder",136.779000,-139.700000,0.000000,bottom
"C31","100nF","R_1206_3216Metric_Pad1.30x1.75mm_HandSolder",132.334000,-136.525000,0.000000,bottom
"C32","100nF","R_1206_3216Metric_Pad1.30x1.75mm_HandSolder",357.759000,-127.635000,180.000000,bottom
"C33","100nF","R_1206_3216Metric_Pad1.30x1.75mm_HandSolder",345.313000,-111.760000,0.000000,bottom
"C34","100nF","R_1206_3216Metric_Pad1.30x1.75mm_HandSolder",343.789000,-117.602000,0.000000,bottom
"C35","100nF","R_1206_3216Metric_Pad1.30x1.75mm_HandSolder",353.949000,-131.699000,0.000000,bottom
"C36","100nF","R_1206_3216Metric_Pad1.30x1.75mm_HandSolder",313.944000,-120.015000,-90.000000,bottom
"C37","100pF","R_1206_3216Metric_Pad1.30x1.75mm_HandSolder",318.900000,-120.015000,-90.000000,bottom
"C38","4,7uF","R_1206_3216Metric_Pad1.30x1.75mm_HandSolder",150.241000,-132.080000,180.000000,bottom
"C42","2.2uF","R_1210_3225Metric_Pad1.30x2.65mm_HandSolder",343.916000,-120.396000,0.000000,bottom
"C43","220nF","R_1206_3216Metric_Pad1.30x1.75mm_HandSolder",79.121000,-88.011000,0.000000,bottom
"C44","220nF","R_1206_3216Metric_Pad1.30x1.75mm_HandSolder",74.041000,-85.344000,90.000000,bottom
"C45","220nF","R_1206_3216Metric_Pad1.30x1.75mm_HandSolder",79.121000,-85.471000,0.000000,bottom
"C46","220pF","R_1206_3216Metric_Pad1.30x1.75mm_HandSolder",80.391000,-114.935000,0.000000,bottom
"C48","22nF","R_1206_3216Metric_Pad1.30x1.75mm_HandSolder",79.121000,-82.931000,0.000000,bottom
"C51","22uF","R_1210_3225Metric_Pad1.30x2.65mm_HandSolder",345.440000,-108.585000,0.000000,bottom
"C52","22uF","R_1206_3216Metric_Pad1.30x1.75mm_HandSolder",310.261000,-117.729000,0.000000,bottom
"C53","330pF","R_1206_3216Metric_Pad1.30x1.75mm_HandSolder",80.391000,-111.887000,0.000000,bottom
"C54","4.7uF","R_1206_3216Metric_Pad1.30x1.75mm_HandSolder",78.613000,-66.040000,-90.000000,bottom
"C55","4.7uF","R_1210_3225Metric_Pad1.30x2.65mm_HandSolder",75.946000,-100.457000,-90.000000,bottom
"C56","4.7uF","CP_EIA-3528-21_Kemet-B_Pad1.50x2.35mm_HandSolder",125.730000,-85.090000,0.000000,bottom
"C57","4.7uF","CP_EIA-3528-21_Kemet-B_Pad1.50x2.35mm_HandSolder",148.590000,-61.341000,0.000000,bottom
"C59","47nF","R_1206_3216Metric_Pad1.30x1.75mm_HandSolder",82.169000,-96.647000,0.000000,bottom
"C62","47uF","R_1210_3225Metric_Pad1.30x2.65mm_HandSolder",356.235000,-66.167000,0.000000,bottom
"C64","6,8uF","R_1210_3225Metric_Pad1.30x2.65mm_HandSolder",84.201000,-88.519000,-90.000000,bottom
"C65","22pF","R_1206_3216Metric_Pad1.30x1.75mm_HandSolder",351.409000,-93.091000,0.000000,bottom
"C66","22pF","R_1206_3216Metric_Pad1.30x1.75mm_HandSolder",351.409000,-95.885000,0.000000,bottom
"C67","4,7uF","R_1206_3216Metric_Pad1.30x1.75mm_HandSolder",99.441000,-149.733000,180.000000,bottom
"C68","4,7uF","R_1206_3216Metric_Pad1.30x1.75mm_HandSolder",117.983000,-148.463000,180.000000,bottom
"C69","4,7uF","R_1206_3216Metric_Pad1.30x1.75mm_HandSolder",151.638000,-148.463000,0.000000,bottom
"C70","100nF","R_1206_3216Metric_Pad1.30x1.75mm_HandSolder",97.536000,-85.090000,90.000000,bottom
"C71","100nF","R_1206_3216Metric_Pad1.30x1.75mm_HandSolder",106.426000,-83.185000,180.000000,bottom
"C72","100nF","R_1206_3216Metric_Pad1.30x1.75mm_HandSolder",110.236000,-90.805000,180.000000,bottom
"C73","100nF","R_1206_3216Metric_Pad1.30x1.75mm_HandSolder",94.615000,-94.615000,0.000000,bottom
"Q1","BC848","SOT23EBC",79.629000,-128.397000,0.000000,bottom
"Q2","BC848","SOT23EBC",75.057000,-128.397000,0.000000,bottom
"Q3","BC848","SOT23EBC",75.057000,-94.615000,0.000000,bottom
"R2","100","R_1206_3216Metric_Pad1.30x1.75mm_HandSolder",355.981000,-81.153000,0.000000,bottom
"R3","100","R_1206_3216Metric_Pad1.30x1.75mm_HandSolder",358.140000,-72.263000,-90.000000,bottom
"R5","10K","R_1206_3216Metric_Pad1.30x1.75mm_HandSolder",163.449000,-134.620000,0.000000,bottom
"R6","10K","R_1206_3216Metric_Pad1.30x1.75mm_HandSolder",114.935000,-123.190000,180.000000,bottom
"R7","10K","R_1206_3216Metric_Pad1.30x1.75mm_HandSolder",118.745000,-120.650000,180.000000,bottom
"R9","150K","R_1206_3216Metric_Pad1.30x1.75mm_HandSolder",67.945000,-85.217000,-90.000000,bottom
"R12","1K","R_1206_3216Metric_Pad1.30x1.75mm_HandSolder",355.727000,-72.263000,90.000000,bottom
"R13","1K","R_1206_3216Metric_Pad1.30x1.75mm_HandSolder",85.895255,-75.541162,0.000000,bottom
"R15","1M","R_1206_3216Metric_Pad1.30x1.75mm_HandSolder",321.437000,-120.015000,-90.000000,bottom
"R16","220","R_1206_3216Metric_Pad1.30x1.75mm_HandSolder",79.883000,-122.555000,90.000000,bottom
"R17","220","R_1206_3216Metric_Pad1.30x1.75mm_HandSolder",75.565000,-122.555000,90.000000,bottom
"R18","220","R_1206_3216Metric_Pad1.30x1.75mm_HandSolder",70.739000,-85.217000,-90.000000,bottom
"R19","220","R_1206_3216Metric_Pad1.30x1.75mm_HandSolder",343.408000,-97.282000,90.000000,bottom
"R20","220","R_1206_3216Metric_Pad1.30x1.75mm_HandSolder",343.027000,-58.039000,0.000000,bottom
"R21","220","R_1206_3216Metric_Pad1.30x1.75mm_HandSolder",109.855000,-67.564000,180.000000,bottom
"R25","220K","R_1206_3216Metric_Pad1.30x1.75mm_HandSolder",355.346000,-94.615000,90.000000,bottom
"R26","220K","R_1206_3216Metric_Pad1.30x1.75mm_HandSolder",111.887000,-62.103000,0.000000,bottom
"R27","27K","R_1206_3216Metric_Pad1.30x1.75mm_HandSolder",344.297000,-84.709000,0.000000,bottom
"R30","3,3K","R_1206_3216Metric_Pad1.30x1.75mm_HandSolder",81.407000,-99.441000,0.000000,bottom
"R31","470","R_1206_3216Metric_Pad1.30x1.75mm_HandSolder",81.407000,-102.743000,180.000000,bottom
"R32","470","R_1206_3216Metric_Pad1.30x1.75mm_HandSolder",80.391000,-136.779000,0.000000,bottom
"R33","470","R_1206_3216Metric_Pad1.30x1.75mm_HandSolder",80.391000,-133.731000,0.000000,bottom
"R34","470","R_1206_3216Metric_Pad1.30x1.75mm_HandSolder",68.707000,-98.933000,180.000000,bottom
"R36","470","R_1206_3216Metric_Pad1.30x1.75mm_HandSolder",316.357000,-120.015000,90.000000,bottom
"R37","510","R_1206_3216Metric_Pad1.30x1.75mm_HandSolder",309.372000,-121.285000,180.000000,bottom
"R38","510","R_1206_3216Metric_Pad1.30x1.75mm_HandSolder",304.165000,-117.729000,0.000000,bottom
"R39","68","R_1206_3216Metric_Pad1.30x1.75mm_HandSolder",75.057000,-136.779000,0.000000,bottom
"R40","68","R_1206_3216Metric_Pad1.30x1.75mm_HandSolder",75.057000,-133.731000,180.000000,bottom
"R41","68","R_1206_3216Metric_Pad1.30x1.75mm_HandSolder",68.707000,-95.631000,0.000000,bottom
"R42","75","R_1206_3216Metric_Pad1.30x1.75mm_HandSolder",75.057000,-145.923000,180.000000,bottom
"R43","75","R_1206_3216Metric_Pad1.30x1.75mm_HandSolder",75.057000,-142.875000,180.000000,bottom
"R44","75","R_1206_3216Metric_Pad1.30x1.75mm_HandSolder",75.057000,-139.827000,180.000000,bottom
"R46","75","R_1206_3216Metric_Pad1.30x1.75mm_HandSolder",66.548000,-107.696000,-90.000000,bottom
"R47","75","R_1206_3216Metric_Pad1.30x1.75mm_HandSolder",67.945000,-114.046000,0.000000,bottom
"R48","10K","R_1206_3216Metric_Pad1.30x1.75mm_HandSolder",108.331000,-86.741000,0.000000,bottom
"U3","74LS245","SOIC-20W_7.5x12.8mm_P1.27mm",168.783000,-106.553000,0.000000,bottom
"U4","74LS245","SOIC-20W_7.5x12.8mm_P1.27mm",168.783000,-91.567000,0.000000,bottom
"U5","74LS245","SOIC-20W_7.5x12.8mm_P1.27mm",168.783000,-121.031000,0.000000,bottom
"BUS1","BUSPCI_5V","BUSPCI",158.115000,-158.750000,0.000000,top
"C1","100nF","R_1206_3216Metric_Pad1.30x1.75mm_HandSolder",358.521000,-58.293000,0.000000,top
"C3","100nF","R_1206_3216Metric_Pad1.30x1.75mm_HandSolder",358.140000,-73.787000,-90.000000,top
"C39","1uF","R_1210_3225Metric_Pad1.30x2.65mm_HandSolder",333.248000,-131.699000,0.000000,top
"C40","1uF","R_1210_3225Metric_Pad1.30x2.65mm_HandSolder",307.086000,-131.699000,0.000000,top
"C41","1uF","R_1210_3225Metric_Pad1.30x2.65mm_HandSolder",300.355000,-131.572000,180.000000,top
"C47","220pF","R_1206_3216Metric_Pad1.30x1.75mm_HandSolder",358.521000,-60.833000,0.000000,top
"C49","22pF","C_Disc_D3.0mm_W2.0mm_P2.50mm",116.459000,-64.643000,180.000000,top
"C50","22pF","C_Disc_D3.0mm_W2.0mm_P2.50mm",107.569000,-64.643000,0.000000,top
"C58","47nF","R_1206_3216Metric_Pad1.30x1.75mm_HandSolder",82.169000,-92.710000,0.000000,top
"C60","47nF","R_1206_3216Metric_Pad1.30x1.75mm_HandSolder",81.432003,-100.609389,0.000000,top
"C61","47nF","R_1206_3216Metric_Pad1.30x1.75mm_HandSolder",68.707000,-102.235000,180.000000,top
"C63","47uF","R_1210_3225Metric_Pad1.30x2.65mm_HandSolder",123.825000,-60.092628,0.000000,top
"CV1","5/30pF","CV3-30PF",84.455000,-69.215000,180.000000,top
"D1","BAT46","D_DO-34_SOD68_P7.62mm_Horizontal",310.300142,-61.039361,0.000000,top
"D2","BAT46","D_DO-34_SOD68_P7.62mm_Horizontal",311.023000,-58.801000,0.000000,top
"D3","BAT46","D_DO-34_SOD68_P7.62mm_Horizontal",353.949000,-84.455000,0.000000,top
"D4","BAT46","D_DO-34_SOD68_P7.62mm_Horizontal",353.949000,-86.719165,0.000000,top
"D6","LED","LED_D3.0mm",89.535000,-75.565000,0.000000,top
"J4","DB9FEM","DSUB-9_Female_Horizontal_P2.77x2.84mm_EdgePinOffset14.56mm_Housed_MountingHolesOffset15.98mm",70.739000,-144.145000,-90.000000,top
"L1","2,2uH","R_1812_4532Metric_Pad1.30x3.40mm_HandSolder",80.137000,-107.061000,0.000000,top
"L2","22uH","R_1812_4532Metric_Pad1.30x3.40mm_HandSolder",84.455000,-61.976000,180.000000,top
"L3","22uH","R_1812_4532Metric_Pad1.30x3.40mm_HandSolder",70.866000,-106.934000,0.000000,top
"L4","22uF","R_1812_4532Metric_Pad1.30x3.40mm_HandSolder",345.313000,-97.155000,0.000000,top
"L5","22uH","R_1812_4532Metric_Pad1.30x3.40mm_HandSolder",326.009000,-131.572000,180.000000,top
"L6","470ns","LRTDK",72.873768,-109.506012,-90.000000,top
"P1","BNC","subclick",59.055000,-104.775000,180.000000,top
"P2","BNC","subclick",59.055000,-116.205000,180.000000,top
"P3","BNC","subclick",59.055000,-93.345000,180.000000,top
"P4","CONN_2","PinHeader_1x02_P2.54mm_Vertical",105.664000,-70.358000,180.000000,top
"P5","CONN_5","PinHeader_1x05_P2.54mm_Vertical",93.345000,-61.595000,90.000000,top
"P8","BNC","subclick",59.055000,-81.915000,180.000000,top
"P9","CONN_1","PinHeader_1x01_P2.54mm_Vertical",114.300000,-74.930000,0.000000,top
"P10","CONN_1","PinHeader_1x01_P2.54mm_Vertical",89.535000,-59.055000,0.000000,top
"P11","CONN_1","PinHeader_1x01_P2.54mm_Vertical",89.535000,-63.500000,0.000000,top
"P12","CONN_1","PinHeader_1x01_P2.54mm_Vertical",82.423000,-57.912000,0.000000,top
"POT1","100K","Potentiometer_Bourns_3314G_Vertical",84.539957,-82.042000,180.000000,top
"R1","10","R_1206_3216Metric_Pad1.30x1.75mm_HandSolder",123.825000,-63.119000,0.000000,top
"R4","10K","R_1206_3216Metric_Pad1.30x1.75mm_HandSolder",67.945000,-111.887000,0.000000,top
"R8","150","R_1206_3216Metric_Pad1.30x1.75mm_HandSolder",348.234000,-131.699000,180.000000,top
"R10","1K","R_1206_3216Metric_Pad1.30x1.75mm_HandSolder",70.739000,-76.835000,180.000000,top
"R11","1K","R_1206_3216Metric_Pad1.30x1.75mm_HandSolder",77.343000,-76.835000,0.000000,top
"R14","1M","R_1206_3216Metric_Pad1.30x1.75mm_HandSolder",358.521000,-63.627000,180.000000,top
"R22","220","R_1206_3216Metric_Pad1.30x1.75mm_HandSolder",294.767000,-131.572000,0.000000,top
"R23","220","R_1206_3216Metric_Pad1.30x1.75mm_HandSolder",313.690000,-132.080000,180.000000,top
"R24","220","R_1206_3216Metric_Pad1.30x1.75mm_HandSolder",339.598000,-131.318000,180.000000,top
"R28","2,2K","R_1206_3216Metric_Pad1.30x1.75mm_HandSolder",111.760000,-114.935000,0.000000,top
"R29","2,2K","R_1206_3216Metric_Pad1.30x1.75mm_HandSolder",114.300000,-111.760000,0.000000,top
"R35","470","R_1206_3216Metric_Pad1.30x1.75mm_HandSolder",353.500000,-59.292500,90.000000,top
"R45","75","R_1206_3216Metric_Pad1.30x1.75mm_HandSolder",67.945000,-116.205000,0.000000,top
"RR1","8x10K","R_Array_SIP9",188.595000,-142.621000,180.000000,top
"RR2","8x10K","R_Array_SIP9",188.595000,-137.795000,180.000000,top
"RR3","8x10K","R_Array_SIP9",188.595000,-134.112000,180.000000,top
"RR4","8x10K","R_Array_SIP9",85.090000,-142.875000,0.000000,top
"RR5","8x10K","R_Array_SIP9",85.090000,-135.890000,0.000000,top
"RR6","8x10K","R_Array_SIP9",84.800000,-127.000000,0.000000,top
"RR7","8x10K","R_Array_SIP9",92.075000,-120.015000,90.000000,top
"RR8","8x10K","R_Array_SIP9",88.773000,-79.375000,-90.000000,top
"U1","24C16","DIP-8_W7.62mm",108.585000,-125.730000,90.000000,top
"U2","4C4001","SOIC-28W_7.5x17.9mm_P1.27mm",148.717000,-63.246000,90.000000,top
"U6","74LS245","SOIC-20W_7.5x12.8mm_P1.27mm",197.739000,-138.811000,0.000000,top
"U7","AV9173","SSOP-8_3.95x5.21x3.27mm_P1.27mm",130.175000,-61.595000,90.000000,top
"U8","BT253","PLCC84",311.277000,-112.649000,90.000000,top
"U9","BT473","PLCC68",343.535000,-114.935000,-90.000000,top
"U10","BT812","PQFP-160_28x28mm_P0.65mm",335.407000,-76.327000,-90.000000,top
"U11","S5933_PQ160","PQFP-160_28x28mm_P0.65mm",141.605000,-129.440000,90.000000,top
"U12","SIM4X32","sim72",234.315000,-108.585000,0.000000,top
"U13","SIM4X32","sim72",234.315000,-126.365000,0.000000,top
"U14","SIM4X32","sim72",234.315000,-117.475000,0.000000,top
"U15","SIM4X32","sim72",234.315000,-90.805000,0.000000,top
"U16","SIM4X32","sim72",234.315000,-99.695000,0.000000,top
"U17","SIM4X32","sim72",234.315000,-81.915000,0.000000,top
"U18","SIM4X32","sim72",234.315000,-73.025000,0.000000,top
"U19","SIM4X32","sim72",234.315000,-64.135000,0.000000,top
"U20","TDA8501","SOIC-24W_7.5x15.4mm_P1.27mm",73.914000,-85.090000,90.000000,top
"U21","XC1736APD8","DIP-8_W7.62mm",94.615000,-73.025000,90.000000,top
"U22","XC4003-VQ100","TQFP-100_14x14mm_P0.5mm",304.927000,-74.422000,-90.000000,top
"U23","XC4003/PQ100","PQFP-100_14x20mm_P0.65mm",103.505000,-86.868000,90.000000,top
"U24","XC4005-PQ160","PQFP-160_28x28mm_P0.65mm",141.605000,-88.165000,90.000000,top
"W4","TEST","PinHeader_1x02_P2.54mm_Vertical",109.220000,-142.875000,0.000000,top
"W5","TEST","PinHeader_1x02_P2.54mm_Vertical",88.900000,-147.955000,90.000000,top
"X1","10MHz","Crystal_HC18-U_Vertical",114.427000,-59.690000,180.000000,top
"X2","30MHz","Crystal_HC18-U_Vertical",357.632000,-91.948000,-90.000000,top
"X3","4.433618MHz","Crystal_HC18-U_Horizontal",75.565000,-73.025000,180.000000,top
